Unique Key,Created Date,Closed Date,Agency,Agency Name,Complaint Type,Descriptor,Location Type,Incident Zip,Incident Address,Street Name,Cross Street 1,Cross Street 2,Intersection Street 1,Intersection Street 2,Address Type,City,Landmark,Facility Type,Status,Due Date,Resolution Description,Resolution Action Updated Date,Community Board,BBL,Borough,X Coordinate (State Plane),Y Coordinate (State Plane),Open Data Channel Type,Park Facility Name,Park Borough,Vehicle Type,Taxi Company Borough,Taxi Pick Up Location,Bridge Highway Name,Bridge Highway Direction,Road Ramp,Bridge Highway Segment,Latitude,Longitude,Location
56763963,02/08/2023 09:34:13 PM,02/11/2023 12:00:00 AM,DOB,Department of Buildings,Emergency Response Team (ERT),After Hours Work - Illegal,,10012,693 BROADWAY,BROADWAY,,,,,ADDRESS,NEW YORK,,N/A,Closed,,The Department of Buildings investigated this complaint and determined that no further action was necessary.,02/11/2023 12:00:00 AM,02 MANHATTAN,1005357501,MANHATTAN,985792,204583,UNKNOWN,Unspecified,MANHATTAN,,,,,,,,40.7282096309424,-73.99443649686185,"(40.7282096309424, -73.99443649686185)"
54511074,06/16/2022 12:41:25 PM,02/11/2023 12:00:00 AM,DOB,Department of Buildings,Building/Use,Illegal Conversion Of Residential Building/Space,,11421,89-09 84 STREET,84 STREET,,,,,ADDRESS,WOODHAVEN,,,Closed,,The Department of Buildings has made an attempt execute an access warrant at this property and was denied access. Another attempt will be made.,02/11/2023 12:00:00 AM,09 QUEENS,4089660053,QUEENS,1023443,190295,UNKNOWN,Unspecified,QUEENS,,,,,,,,40.68890581029111,-73.85867578277455,"(40.68890581029111, -73.85867578277455)"
54743580,07/09/2022 08:56:57 AM,02/11/2023 12:00:00 AM,DOB,Department of Buildings,Building/Use,Illegal Conversion Of Residential Building/Space,,11412,191-11 120 AVENUE,120 AVENUE,,,,,ADDRESS,SAINT ALBANS,,,Closed,,"The Department of Buildings attempted to investigate this complaint twice but could not gain access to the location. If the problem still exists, please call 311 and file a new complaint with additional access information. If you are outside of New York City, please call (212) NEW-YORK (212-639-9675).",02/11/2023 12:00:00 AM,12 QUEENS,4126470044,QUEENS,1051412,189907,UNKNOWN,Unspecified,QUEENS,,,,,,,,40.687672797576234,-73.75782794027938,"(40.687672797576234, -73.75782794027938)"
54767886,07/11/2022 09:29:43 PM,02/11/2023 12:00:00 AM,DOB,Department of Buildings,Building/Use,Illegal Conversion Of Residential Building/Space,,11356,128-15 11 AVENUE,11 AVENUE,,,,,ADDRESS,COLLEGE POINT,,,Closed,,The Department of Buildings has made a second attempt to conduct an inspection of this premises and was denied access. No further attempts will be made.,02/11/2023 12:00:00 AM,07 QUEENS,4039780041,QUEENS,1028598,226353,UNKNOWN,Unspecified,QUEENS,,,,,,,,40.78785157900003,-73.83984993761705,"(40.78785157900003, -73.83984993761705)"
54770192,07/11/2022 09:35:43 PM,02/11/2023 12:00:00 AM,DOB,Department of Buildings,Building/Use,Illegal Conversion Of Residential Building/Space,,11356,128-11 11 AVENUE,11 AVENUE,,,,,ADDRESS,COLLEGE POINT,,,Closed,,The Department of Buildings has made a second attempt to conduct an inspection of this premises and was denied access. No further attempts will be made.,02/11/2023 12:00:00 AM,07 QUEENS,4039780042,QUEENS,1028591,226354,UNKNOWN,Unspecified,QUEENS,,,,,,,,40.787854358851305,-73.8398752094487,"(40.787854358851305, -73.8398752094487)"
54776300,07/12/2022 07:49:17 PM,02/11/2023 12:00:00 AM,DOB,Department of Buildings,Building/Use,Illegal Conversion Of Residential Building/Space,,11356,125-01 13 AVENUE,13 AVENUE,,,,,ADDRESS,COLLEGE POINT,,,Closed,,"The Department of Buildings attempted to investigate this complaint twice but could not gain access to the location. If the problem still exists, please call 311 and file a new complaint with additional access information. If you are outside of New York City, please call (212) NEW-YORK (212-639-9675).",02/11/2023 12:00:00 AM,07 QUEENS,4040020054,QUEENS,1027781,225951,UNKNOWN,Unspecified,QUEENS,,,,,,,,40.78675226034572,-73.84280289717852,"(40.78675226034572, -73.84280289717852)"
54781345,07/13/2022 11:36:18 AM,02/11/2023 12:00:00 AM,DOB,Department of Buildings,Building/Use,Illegal Conversion Of Residential Building/Space,,11413,186-16 RIDGEDALE STREET,RIDGEDALE STREET,,,,,ADDRESS,SPRINGFIELD GARDENS,,,Closed,,"The Department of Buildings attempted to investigate this complaint twice but could not gain access to the location. If the problem still exists, please call 311 and file a new complaint with additional access information. If you are outside of New York City, please call (212) NEW-YORK (212-639-9675).",02/11/2023 12:00:00 AM,12 QUEENS,4127230064,QUEENS,1052481,187251,UNKNOWN,Unspecified,QUEENS,,,,,,,,40.68037453595035,-73.75400026601422,"(40.68037453595035, -73.75400026601422)"
54833666,07/18/2022 06:42:06 PM,02/11/2023 12:00:00 AM,DOB,Department of Buildings,Building/Use,Illegal Conversion Of Residential Building/Space,,11355,142-38 59 AVENUE,59 AVENUE,,,,,ADDRESS,FLUSHING,,,Closed,,The Department of Buildings has made a second attempt to conduct an inspection of this premises and was denied access. No further attempts will be made.,02/11/2023 12:00:00 AM,07 QUEENS,4064090047,QUEENS,1033206,210182,UNKNOWN,Unspecified,QUEENS,,,,,,,,40.74344213236507,-73.82332729152483,"(40.74344213236507, -73.82332729152483)"
54907707,07/24/2022 06:56:57 PM,02/11/2023 12:00:00 AM,DOB,Department of Buildings,Building/Use,Zoning - Non-Conforming/Illegal Vehicle Storage,,11354,33-07 146 STREET,146 STREET,,,,,ADDRESS,FLUSHING,,,Closed,,The Department of Buildings investigated this complaint and determined that no further action was necessary.,02/11/2023 12:00:00 AM,07 QUEENS,4049850019,QUEENS,1033738,219241,UNKNOWN,Unspecified,QUEENS,,,,,,,,40.768303767572064,-73.82134073464964,"(40.768303767572064, -73.82134073464964)"
55013857,08/04/2022 11:05:03 AM,02/11/2023 12:00:00 AM,DOB,Department of Buildings,Building/Use,Illegal Conversion Of Residential Building/Space,,11379,77-31 66 DRIVE,66 DRIVE,,,,,ADDRESS,MIDDLE VILLAGE,,,Closed,,"The Department of Buildings attempted to investigate this complaint twice but could not gain access to the location. If the problem still exists, please call 311 and file a new complaint with additional access information. If you are outside of New York City, please call (212) NEW-YORK (212-639-9675).",02/11/2023 12:00:00 AM,05 QUEENS,4030640025,QUEENS,1018534,199385,UNKNOWN,Unspecified,QUEENS,,,,,,,,40.71387608356867,-73.87633061784861,"(40.71387608356867, -73.87633061784861)"
55017223,08/05/2022 12:42:04 PM,02/11/2023 12:00:00 AM,DOB,Department of Buildings,Building/Use,Illegal Conversion Of Residential Building/Space,,11421,93-26 86 ROAD,86 ROAD,,,,,ADDRESS,WOODHAVEN,,,Closed,,"The Department of Buildings attempted to investigate this complaint twice but could not gain access to the location. If the problem still exists, please call 311 and file a new complaint with additional access information. If you are outside of New York City, please call (212) NEW-YORK (212-639-9675).",02/11/2023 12:00:00 AM,09 QUEENS,4088810007,QUEENS,1025297,192464,UNKNOWN,Unspecified,QUEENS,,,,,,,,40.69485080194596,-73.85197732662208,"(40.69485080194596, -73.85197732662208)"
55129463,08/17/2022 11:06:15 AM,02/11/2023 12:00:00 AM,DOB,Department of Buildings,Building/Use,Illegal Conversion Of Residential Building/Space,,11421,85-59 75 STREET,75 STREET,,,,,ADDRESS,WOODHAVEN,,,Closed,,The Department of Buildings investigated this complaint and issued an Office of Administrative Trials and Hearings (OATH) summons.,02/11/2023 12:00:00 AM,09 QUEENS,4088390169,QUEENS,1021103,191903,UNKNOWN,Unspecified,QUEENS,,,,,,,,40.69332944721179,-73.8671046701016,"(40.69332944721179, -73.8671046701016)"
55195007,08/24/2022 04:43:56 PM,02/11/2023 12:00:00 AM,DOB,Department of Buildings,Building/Use,Illegal Conversion Of Residential Building/Space,,11373,91-02 48 AVENUE,48 AVENUE,,,,,ADDRESS,ELMHURST,,,Closed,,The Department of Buildings has made a second attempt to conduct an inspection of this premises and was denied access. No further attempts will be made.,02/11/2023 12:00:00 AM,04 QUEENS,4018500001,QUEENS,1019239,209458,UNKNOWN,Unspecified,QUEENS,,,,,,,,40.741521224361854,-73.87373516784339,"(40.741521224361854, -73.87373516784339)"
55292827,09/03/2022 11:51:03 AM,02/11/2023 12:00:00 AM,DOB,Department of Buildings,Building/Use,Illegal Conversion Of Residential Building/Space,,11421,89-29 91 STREET,91 STREET,,,,,ADDRESS,WOODHAVEN,,,Closed,,The Department of Buildings has made a second attempt to conduct an inspection of this premises and was denied access. No further attempts will be made.,02/11/2023 12:00:00 AM,09 QUEENS,4089730043,QUEENS,1025040,190855,UNKNOWN,Unspecified,QUEENS,,,,,,,,40.69043566328808,-73.85291385470191,"(40.69043566328808, -73.85291385470191)"
55307037,09/04/2022 05:31:16 PM,02/11/2023 12:00:00 AM,DOB,Department of Buildings,Building/Use,Illegal Conversion Of Residential Building/Space,,11373,83-20 PETTIT AVENUE,PETTIT AVENUE,,,,,ADDRESS,ELMHURST,,,Closed,,"The Department of Buildings attempted to investigate this complaint twice but could not gain access to the location. If the problem still exists, please call 311 and file a new complaint with additional access information. If you are outside of New York City, please call (212) NEW-YORK (212-639-9675).",02/11/2023 12:00:00 AM,04 QUEENS,4015060043,QUEENS,1016829,210869,UNKNOWN,Unspecified,QUEENS,,,,,,,,40.74540326988815,-73.8824252915189,"(40.74540326988815, -73.8824252915189)"
55308963,09/05/2022 04:59:51 PM,02/11/2023 12:00:00 AM,DOB,Department of Buildings,General Construction/Plumbing,Curb Cut/Driveway/Carport - Illegal,,11354,140-86 34 AVENUE,34 AVENUE,,,,,ADDRESS,FLUSHING,,,Closed,,The Department of Buildings investigated this complaint and determined that no further action was necessary.,02/11/2023 12:00:00 AM,07 QUEENS,4049940049,QUEENS,1032192,218590,UNKNOWN,Unspecified,QUEENS,,,,,,,,40.766525464257626,-73.82692666035982,"(40.766525464257626, -73.82692666035982)"
55314324,09/05/2022 07:14:41 PM,02/11/2023 12:00:00 AM,DOB,Department of Buildings,General Construction/Plumbing,Curb Cut/Driveway/Carport - Illegal,,11367,147-35 78 AVENUE,78 AVENUE,,,,,ADDRESS,FLUSHING,,,Closed,,The Department of Buildings investigated this complaint and determined that no further action was necessary.,02/11/2023 12:00:00 AM,08 QUEENS,4066880051,QUEENS,1035253,201910,UNKNOWN,Unspecified,QUEENS,,,,,,,,40.72072600381174,-73.81600279072347,"(40.72072600381174, -73.81600279072347)"
55317335,09/06/2022 04:52:31 PM,02/11/2023 12:00:00 AM,DOB,Department of Buildings,Building/Use,Illegal Conversion Of Residential Building/Space,,11421,89-14 78 STREET,78 STREET,,,,,ADDRESS,WOODHAVEN,,,Closed,,"The Department of Buildings attempted to investigate this complaint twice but could not gain access to the location. If the problem still exists, please call 311 and file a new complaint with additional access information. If you are outside of New York City, please call (212) NEW-YORK (212-639-9675).",02/11/2023 12:00:00 AM,09 QUEENS,4089070033,QUEENS,1022234,190073,UNKNOWN,Unspecified,QUEENS,,,,,,,,40.68830174321084,-73.86303650409631,"(40.68830174321084, -73.86303650409631)"
55327217,09/07/2022 09:12:21 AM,02/11/2023 12:00:00 AM,DOB,Department of Buildings,Building/Use,Illegal Conversion Of Residential Building/Space,,11421,76-44 PARK LANE SOUTH,PARK LANE SOUTH,,,,,ADDRESS,WOODHAVEN,,,Closed,,"The Department of Buildings attempted to investigate this complaint twice but could not gain access to the location. If the problem still exists, please call 311 and file a new complaint with additional access information. If you are outside of New York City, please call (212) NEW-YORK (212-639-9675).",02/11/2023 12:00:00 AM,09 QUEENS,4088460014,QUEENS,1021475,192610,UNKNOWN,Unspecified,QUEENS,,,,,,,,40.695268439260374,-73.86575929869373,"(40.695268439260374, -73.86575929869373)"
55328464,09/07/2022 10:09:04 AM,02/11/2023 12:00:00 AM,DOB,Department of Buildings,Building/Use,Zoning - Non-Conforming/Illegal Vehicle Storage,,11361,209-57 46 AVENUE,46 AVENUE,,,,,ADDRESS,BAYSIDE,,,Closed,,The Department of Buildings investigated this complaint and issued an Office of Administrative Trials and Hearings (OATH) summons.,02/11/2023 12:00:00 AM,11 QUEENS,4073110040,QUEENS,1047191,215185,UNKNOWN,Unspecified,QUEENS,,,,,,,,40.75708558219203,-73.7728115139872,"(40.75708558219203, -73.7728115139872)"
55383841,09/11/2022 04:13:31 PM,02/11/2023 12:00:00 AM,DOB,Department of Buildings,Building/Use,Zoning - Non-Conforming/Illegal Vehicle Storage,,11361,220-03 46 AVENUE,46 AVENUE,,,,,ADDRESS,BAYSIDE,,,Closed,,The Department of Buildings investigated this complaint and determined that no further action was necessary.,02/11/2023 12:00:00 AM,11 QUEENS,4074730040,QUEENS,1050442,216169,UNKNOWN,Unspecified,QUEENS,,,,,,,,40.759762660178325,-73.76106724611424,"(40.759762660178325, -73.76106724611424)"
55500805,09/22/2022 09:04:39 PM,02/11/2023 12:00:00 AM,DOB,Department of Buildings,Building/Use,Illegal Conversion Of Residential Building/Space,,11373,82-42 PETTIT AVENUE,PETTIT AVENUE,,,,,ADDRESS,ELMHURST,,,Closed,,The Department of Buildings has made a second attempt to conduct an inspection of this premises and was denied access. No further attempts will be made.,02/11/2023 12:00:00 AM,04 QUEENS,4015070046,QUEENS,1016704,210655,UNKNOWN,Unspecified,QUEENS,,,,,,,,40.74481635362318,-73.88287743746217,"(40.74481635362318, -73.88287743746217)"
55547624,09/28/2022 02:37:48 PM,02/11/2023 12:00:00 AM,DOB,Department of Buildings,Building/Use,Illegal Conversion Of Residential Building/Space,,11368,107-02 34 AVENUE,34 AVENUE,,,,,ADDRESS,CORONA,,,Closed,,The Department of Buildings has made a second attempt to conduct an inspection of this premises and was denied access. No further attempts will be made.,02/11/2023 12:00:00 AM,03 QUEENS,4017490001,QUEENS,1022631,214810,UNKNOWN,Unspecified,QUEENS,,,,,,,,40.7561970275154,-73.86146392931914,"(40.7561970275154, -73.86146392931914)"
55563154,09/30/2022 03:27:16 PM,02/11/2023 12:00:00 AM,DOB,Department of Buildings,Building/Use,Illegal Conversion Of Residential Building/Space,,11373,40-27 WARREN STREET,WARREN STREET,,,,,ADDRESS,ELMHURST,,,Closed,,"The Department of Buildings attempted to investigate this complaint twice but could not gain access to the location. If the problem still exists, please call 311 and file a new complaint with additional access information. If you are outside of New York City, please call (212) NEW-YORK (212-639-9675).",02/11/2023 12:00:00 AM,04 QUEENS,4015960016,QUEENS,1020307,211908,UNKNOWN,Unspecified,QUEENS,,,,,,,,40.74824156379747,-73.86986794656961,"(40.74824156379747, -73.86986794656961)"
55577363,10/01/2022 10:17:23 AM,02/11/2023 12:00:00 AM,DOB,Department of Buildings,Building/Use,Illegal Conversion Of Residential Building/Space,,11372,35-15 92 STREET,92 STREET,,,,,ADDRESS,JACKSON HEIGHTS,,,Closed,,The Department of Buildings has made a second attempt to conduct an inspection of this premises and was denied access. No further attempts will be made.,02/11/2023 12:00:00 AM,03 QUEENS,4014660064,QUEENS,1018796,213435,UNKNOWN,Unspecified,QUEENS,,,,,,,,40.75243882109325,-73.87531339166411,"(40.75243882109325, -73.87531339166411)"
55593679,10/03/2022 08:33:21 AM,02/11/2023 12:00:00 AM,DOB,Department of Buildings,Building/Use,Illegal Conversion Of Residential Building/Space,,11368,108-23 51 AVENUE,51 AVENUE,,,,,ADDRESS,CORONA,,,Closed,,"The Department of Buildings attempted to investigate this complaint twice but could not gain access to the location. If the problem still exists, please call 311 and file a new complaint with additional access information. If you are outside of New York City, please call (212) NEW-YORK (212-639-9675).",02/11/2023 12:00:00 AM,04 QUEENS,4020060079,QUEENS,1024604,210448,UNKNOWN,Unspecified,QUEENS,,,,,,,,40.74421567043408,-73.8543685818671,"(40.74421567043408, -73.8543685818671)"
55617286,10/05/2022 03:41:13 AM,02/11/2023 12:00:00 AM,DOB,Department of Buildings,Building/Use,Illegal Conversion Of Residential Building/Space,,11369,32-26 87 STREET,87 STREET,,,,,ADDRESS,EAST ELMHURST,,,Closed,,"The Department of Buildings attempted to investigate this complaint twice but could not gain access to the location. If the problem still exists, please call 311 and file a new complaint with additional access information. If you are outside of New York City, please call (212) NEW-YORK (212-639-9675).",02/11/2023 12:00:00 AM,03 QUEENS,4014160019,QUEENS,1017226,215230,UNKNOWN,Unspecified,QUEENS,,,,,,,,40.75737162958329,-73.88097116992614,"(40.75737162958329, -73.88097116992614)"
55655512,10/09/2022 03:34:14 PM,02/11/2023 12:00:00 AM,DOB,Department of Buildings,Building/Use,Illegal Conversion Of Residential Building/Space,,11370,24-21 78 STREET,78 STREET,,,,,ADDRESS,EAST ELMHURST,,,Closed,,"The Department of Buildings attempted to investigate this complaint twice but could not gain access to the location. If the problem still exists, please call 311 and file a new complaint with additional access information. If you are outside of New York City, please call (212) NEW-YORK (212-639-9675).",02/11/2023 12:00:00 AM,03 QUEENS,4010420064,QUEENS,1014540,217625,UNKNOWN,Unspecified,QUEENS,,,,,,,,40.76395489472562,-73.89065564480678,"(40.76395489472562, -73.89065564480678)"
55676659,10/12/2022 11:20:51 AM,02/11/2023 12:00:00 AM,DOB,Department of Buildings,Building/Use,Illegal Conversion Of Residential Building/Space,,11368,106-08 37 AVENUE,37 AVENUE,,,,,ADDRESS,CORONA,,,Closed,,"The Department of Buildings attempted to investigate this complaint twice but could not gain access to the location. If the problem still exists, please call 311 and file a new complaint with additional access information. If you are outside of New York City, please call (212) NEW-YORK (212-639-9675).",02/11/2023 12:00:00 AM,03 QUEENS,4017710019,QUEENS,1022483,213970,UNKNOWN,Unspecified,QUEENS,,,,,,,,40.75389208520989,-73.86200291030777,"(40.75389208520989, -73.86200291030777)"
55685315,10/13/2022 09:50:04 AM,02/11/2023 12:00:00 AM,DOB,Department of Buildings,Building/Use,Illegal Conversion Of Residential Building/Space,,11373,86-22 DONGAN AVENUE,DONGAN AVENUE,,,,,ADDRESS,ELMHURST,,,Closed,,The Department of Buildings has made a second attempt to conduct an inspection of this premises and was denied access. No further attempts will be made.,02/11/2023 12:00:00 AM,04 QUEENS,4015810014,QUEENS,1017911,209213,UNKNOWN,Unspecified,QUEENS,,,,,,,,40.74085391531143,-73.87852874226225,"(40.74085391531143, -73.87852874226225)"
56244480,12/13/2022 07:50:34 AM,02/11/2023 12:00:00 AM,DOB,Department of Buildings,General Construction/Plumbing,Vent/Exhaust - Illegal/Improper,,10033,1370 ST NICHOLAS AVENUE,ST NICHOLAS AVENUE,,,,,ADDRESS,NEW YORK,,,Closed,,The Department of Buildings has made a second attempt to conduct an inspection of this premises and was denied access. No further attempts will be made.,02/11/2023 12:00:00 AM,12 MANHATTAN,1021530001,MANHATTAN,1002274,248150,UNKNOWN,Unspecified,MANHATTAN,,,,,,,,40.84777109169902,-73.93485290083406,"(40.84777109169902, -73.93485290083406)"
56563999,01/18/2023 08:55:54 AM,02/11/2023 12:00:00 AM,DOB,Department of Buildings,General Construction/Plumbing,Vent/Exhaust - Illegal/Improper,,10027,320 ST NICHOLAS AVENUE,ST NICHOLAS AVENUE,,,,,ADDRESS,NEW YORK,,,Closed,,"The Department of Buildings attempted to investigate this complaint twice but could not gain access to the location. If the problem still exists, please call 311 and file a new complaint with additional access information. If you are outside of New York City, please call (212) NEW-YORK (212-639-9675).",02/11/2023 12:00:00 AM,10 MANHATTAN,1019520043,MANHATTAN,997492,234873,UNKNOWN,Unspecified,MANHATTAN,,,,,,,,40.81133800030572,-73.9521634703774,"(40.81133800030572, -73.9521634703774)"
56698647,02/01/2023 09:29:19 PM,02/11/2023 12:00:00 AM,DOB,Department of Buildings,Electrical,Electrical Wiring Defective/Exposed,,10025,34 WEST   96 STREET,WEST   96 STREET,,,,,ADDRESS,NEW YORK,,,Closed,,The Department of Buildings investigated this complaint and issued an Office of Administrative Trials and Hearings (OATH) summons.,02/11/2023 12:00:00 AM,07 MANHATTAN,1012090046,MANHATTAN,993758,227849,UNKNOWN,Unspecified,MANHATTAN,,,,,,,,40.79206385275656,-73.96566243511708,"(40.79206385275656, -73.96566243511708)"
56715795,02/04/2023 01:37:09 PM,02/11/2023 12:00:00 AM,DOB,Department of Buildings,Emergency Response Team (ERT),After Hours Work - Illegal,,10075,317 EAST   78 STREET,EAST   78 STREET,,,,,ADDRESS,NEW YORK,,N/A,Closed,,The Department of Buildings investigated this complaint and determined that no further action was necessary.,02/11/2023 12:00:00 AM,08 MANHATTAN,1014530011,MANHATTAN,996740,220683,UNKNOWN,Unspecified,MANHATTAN,,,,,,,,40.77239137612715,-73.95490644715464,"(40.77239137612715, -73.95490644715464)"
56722657,02/05/2023 11:15:07 AM,02/11/2023 12:00:00 AM,DOB,Department of Buildings,Emergency Response Team (ERT),After Hours Work - Illegal,,11205,249 WILLOUGHBY AVENUE,WILLOUGHBY AVENUE,,,,,ADDRESS,BROOKLYN,,N/A,Closed,,The Department of Buildings investigated this complaint and determined that no further action was necessary.,02/11/2023 12:00:00 AM,02 BROOKLYN,3019090053,BROOKLYN,994968,191527,UNKNOWN,Unspecified,BROOKLYN,,,,,,,,40.692367654657566,-73.9613504708135,"(40.692367654657566, -73.9613504708135)"
56726891,02/04/2023 09:46:35 PM,02/11/2023 12:00:00 AM,DOB,Department of Buildings,Emergency Response Team (ERT),After Hours Work - Illegal,,10075,1480 YORK AVENUE,YORK AVENUE,,,,,ADDRESS,NEW YORK,,N/A,Closed,,The Department of Buildings investigated this complaint and determined that no further action was necessary.,02/11/2023 12:00:00 AM,08 MANHATTAN,1014900001,MANHATTAN,997913,220193,UNKNOWN,Unspecified,MANHATTAN,,,,,,,,40.77104471905412,-73.95067247723996,"(40.77104471905412, -73.95067247723996)"
56732698,02/06/2023 05:49:49 PM,02/11/2023 12:00:00 AM,DOB,Department of Buildings,General Construction/Plumbing,Sidewalk Shed/Pipe Scafford - Inadequate Defective/None,,10013,421 BROADWAY,BROADWAY,,,,,ADDRESS,NEW YORK,,,Closed,,The Department of Buildings investigated this complaint and determined that no further action was necessary.,02/11/2023 12:00:00 AM,02 MANHATTAN,1002310001,MANHATTAN,983764,201433,UNKNOWN,Unspecified,MANHATTAN,,,,,,,,40.7195637653162,-74.00175325017284,"(40.7195637653162, -74.00175325017284)"
56747160,02/07/2023 01:09:13 PM,02/11/2023 12:00:00 AM,DOB,Department of Buildings,Electrical,Electrical Wiring Defective/Exposed,,10302,1420 CASTLETON AVENUE,CASTLETON AVENUE,,,,,ADDRESS,STATEN ISLAND,,,Closed,,The Department of Buildings investigated this complaint and determined that no further action was necessary.,02/11/2023 12:00:00 AM,01 STATEN ISLAND,5010260045,STATEN ISLAND,948150,170242,UNKNOWN,Unspecified,STATEN ISLAND,,,,,,,,40.63387796993916,-74.13006396660232,"(40.63387796993916, -74.13006396660232)"
56760356,02/09/2023 10:10:55 AM,02/11/2023 12:00:00 AM,DOB,Department of Buildings,Electrical,Electrical Wiring Defective/Exposed,,10305,563 NUGENT AVENUE,NUGENT AVENUE,,,,,ADDRESS,STATEN ISLAND,,,Closed,,The Department of Buildings investigated this complaint and determined that no further action was necessary.,02/11/2023 12:00:00 AM,02 STATEN ISLAND,5037110043,STATEN ISLAND,959334,150652,UNKNOWN,Unspecified,STATEN ISLAND,,,,,,,,40.5801459763139,-74.08969711927742,"(40.5801459763139, -74.08969711927742)"
56762528,02/09/2023 08:01:59 AM,02/11/2023 12:00:00 AM,DOB,Department of Buildings,General Construction/Plumbing,Adjacent Buildings Not Protected,,10458,2638 DECATUR AVENUE,DECATUR AVENUE,,,,,ADDRESS,BRONX,,,Closed,,The Department of Buildings investigated this complaint and issued a partial stop work order violation.,02/11/2023 12:00:00 AM,07 BRONX,2032770008,BRONX,1014724,254003,UNKNOWN,Unspecified,BRONX,,,,,,,,40.863801624953204,-73.8898262539072,"(40.863801624953204, -73.8898262539072)"
56763787,02/09/2023 11:47:13 AM,02/11/2023 12:00:00 AM,DOB,Department of Buildings,General Construction/Plumbing,Sidewalk Shed/Pipe Scafford - Inadequate Defective/None,,11222,42 BRIDGEWATER STREET,BRIDGEWATER STREET,,,,,ADDRESS,BROOKLYN,,,Closed,,The Department of Buildings investigated this complaint and issued an Office of Administrative Trials and Hearings (OATH) summons.,02/11/2023 12:00:00 AM,01 BROOKLYN,3026660052,BROOKLYN,1002014,204290,UNKNOWN,Unspecified,BROOKLYN,,,,,,,,40.72738771470235,-73.93590865138736,"(40.72738771470235, -73.93590865138736)"
56764909,02/09/2023 12:42:27 PM,02/11/2023 12:00:00 AM,DOB,Department of Buildings,General Construction/Plumbing,Sidewalk Shed/Pipe Scafford - Inadequate Defective/None,,10014,331 WEST   14 STREET,WEST   14 STREET,,,,,ADDRESS,NEW YORK,,,Closed,,The Department of Buildings investigated this complaint and determined that no further action was necessary.,02/11/2023 12:00:00 AM,04 MANHATTAN,1007380018,MANHATTAN,983119,209031,UNKNOWN,Unspecified,MANHATTAN,,,,,,,,40.74041835770637,-74.00408137162908,"(40.74041835770637, -74.00408137162908)"
56767438,02/09/2023 06:21:43 PM,02/11/2023 12:00:00 AM,DOB,Department of Buildings,Emergency Response Team (ERT),After Hours Work - Illegal,,11435,109-20 139 STREET,139 STREET,,,,,ADDRESS,JAMAICA,,N/A,Closed,,The Department of Buildings investigated this complaint and determined that no further action was necessary.,02/11/2023 12:00:00 AM,12 QUEENS,4100670083,QUEENS,1037943,189636,UNKNOWN,Unspecified,QUEENS,,,,,,,,40.6870209237498,-73.80639630583045,"(40.6870209237498, -73.80639630583045)"
56767700,02/10/2023 11:13:25 AM,02/11/2023 12:00:00 AM,DOB,Department of Buildings,General Construction/Plumbing,Excavation Undermining Adjacent Building,,10027,156 WEST  128 STREET,WEST  128 STREET,,,,,ADDRESS,NEW YORK,,,Closed,,The Department of Buildings investigated this complaint and determined that no further action was necessary.,02/11/2023 12:00:00 AM,10 MANHATTAN,1019120155,MANHATTAN,999301,234510,UNKNOWN,Unspecified,MANHATTAN,,,,,,,,40.81033876966022,-73.94562930007591,"(40.81033876966022, -73.94562930007591)"
56769405,02/10/2023 09:23:38 AM,02/11/2023 12:00:00 AM,DOB,Department of Buildings,Real Time Enforcement,Work Without A Permit - Occupied Multiple Dwelling,,10025,2592 BROADWAY,BROADWAY,,,,,ADDRESS,NEW YORK,,,Closed,,The Department of Buildings investigated this complaint and issued a partial stop work order violation.,02/11/2023 12:00:00 AM,07 MANHATTAN,1018690044,MANHATTAN,992286,229187,UNKNOWN,Unspecified,MANHATTAN,,,,,,,,40.7957377618953,-73.97097687234887,"(40.7957377618953, -73.97097687234887)"
56769432,02/10/2023 08:46:48 AM,02/11/2023 12:00:00 AM,DOB,Department of Buildings,General Construction/Plumbing,Debris - Falling Or In Danger Of Falling,,10466,620 EAST  233 STREET,EAST  233 STREET,,,,,ADDRESS,BRONX,,N/A,Closed,,"The Department of Buildings attempted to investigate this complaint twice but could not gain access to the location. If the problem still exists, please call 311 and file a new complaint with additional access information. If you are outside of New York City, please call (212) NEW-YORK (212-639-9675).",02/11/2023 12:00:00 AM,12 BRONX,2048350049,BRONX,1023010,265076,UNKNOWN,Unspecified,BRONX,,,,,,,,40.89416104472603,-73.85980555644454,"(40.89416104472603, -73.85980555644454)"
56769496,02/10/2023 01:44:57 PM,02/11/2023 12:00:00 AM,DOB,Department of Buildings,General Construction/Plumbing,Building Permit - None,,11418,91-16 120 STREET,120 STREET,,,,,ADDRESS,RICHMOND HILL,,,Closed,,The Department of Buildings investigated this complaint and determined that no further action was necessary.,02/11/2023 12:00:00 AM,09 QUEENS,4093510014,QUEENS,1032043,192785,UNKNOWN,Unspecified,QUEENS,,,,,,,,40.69569801078597,-73.82764784948421,"(40.69569801078597, -73.82764784948421)"
56769768,02/09/2023 09:51:30 PM,02/11/2023 12:00:00 AM,DOB,Department of Buildings,General Construction/Plumbing,Sidewalk Shed/Pipe Scafford - Inadequate Defective/None,,11361,43-23 BELL BOULEVARD,BELL BOULEVARD,,,,,ADDRESS,BAYSIDE,,,Closed,,The Department of Buildings investigated this complaint and issued an Office of Administrative Trials and Hearings (OATH) summons.,02/11/2023 12:00:00 AM,11 QUEENS,4063000008,QUEENS,1048012,216705,UNKNOWN,Unspecified,QUEENS,,,,,,,,40.76125169619777,-73.76983367354084,"(40.76125169619777, -73.76983367354084)"
56769795,02/10/2023 02:58:01 PM,02/11/2023 12:00:00 AM,DOB,Department of Buildings,General Construction/Plumbing,Building Shaking/Vibrating/Structural Stability,,11226,50 EAST   21 STREET,EAST   21 STREET,,,,,ADDRESS,BROOKLYN,,N/A,Closed,,The Department of Buildings investigated this complaint and determined that no further action was necessary.,02/11/2023 12:00:00 AM,14 BROOKLYN,3050620051,BROOKLYN,995190,177296,UNKNOWN,Unspecified,BROOKLYN,,,,,,,,40.65330648637028,-73.96057302790511,"(40.65330648637028, -73.96057302790511)"
56769879,02/10/2023 02:09:26 PM,02/11/2023 12:00:00 AM,DOB,Department of Buildings,Emergency Response Team (ERT),Lights From Parking Lot Shining On Building,,10312,4277 RICHMOND AVENUE,RICHMOND AVENUE,,,,,ADDRESS,STATEN ISLAND,,N/A,Closed,,The Department of Buildings reviewed this complaint and determined that no further action was necessary.,02/11/2023 12:00:00 AM,03 STATEN ISLAND,5052970022,STATEN ISLAND,941103,134219,UNKNOWN,Unspecified,STATEN ISLAND,,,,,,,,40.534970631577174,-74.15522342960628,"(40.534970631577174, -74.15522342960628)"
56770654,02/10/2023 04:29:39 PM,02/11/2023 12:00:00 AM,DOB,Department of Buildings,General Construction/Plumbing,Site Conditions Endangering Workers,,10469,914 EAST  217 STREET,EAST  217 STREET,,,,,ADDRESS,BRONX,,N/A,Closed,,The Department of Buildings investigated this complaint and determined that no further action was necessary.,02/11/2023 12:00:00 AM,12 BRONX,2046870038,BRONX,1023735,259965,UNKNOWN,Unspecified,BRONX,,,,,,,,40.880129759674844,-73.85721337846633,"(40.880129759674844, -73.85721337846633)"
56770959,02/10/2023 09:37:00 AM,02/11/2023 12:00:00 AM,DOT,Department of Transportation,Traffic Signal Condition,Ped Multiple Lamps,,11235,,,,,NEPTUNE AVENUE,OCEAN PARKWAY,INTERSECTION,BROOKLYN,,N/A,Closed,,"Service Request status for this request is available on the Department of Transportation's website. Please click the ""Learn More"" link below.",02/11/2023 12:00:00 AM,13 BROOKLYN,,BROOKLYN,993250,150726,UNKNOWN,Unspecified,BROOKLYN,,,,,,,,40.58037953763351,-73.9676000652632,"(40.58037953763351, -73.9676000652632)"
56770964,02/10/2023 03:10:18 PM,02/11/2023 12:00:00 AM,DOB,Department of Buildings,General Construction/Plumbing,Building Shaking/Vibrating/Structural Stability,,11217,18 SAINT FELIX STREET,SAINT FELIX STREET,,,,,ADDRESS,BROOKLYN,,N/A,Closed,,The Department of Buildings investigated this complaint and determined that no further action was necessary.,02/11/2023 12:00:00 AM,02 BROOKLYN,3020960039,BROOKLYN,990401,190349,UNKNOWN,Unspecified,BROOKLYN,,,,,,,,40.68913866870837,-73.97782032689271,"(40.68913866870837, -73.97782032689271)"
56771009,02/10/2023 04:23:39 PM,02/11/2023 12:00:00 AM,DOB,Department of Buildings,General Construction/Plumbing,Working Contrary To Stop Work Order,,11222,200 CALYER STREET,CALYER STREET,,,,,ADDRESS,BROOKLYN,,N/A,Closed,,The Department of Buildings investigated this complaint and determined that no further action was necessary.,02/11/2023 12:00:00 AM,01 BROOKLYN,3025980013,BROOKLYN,997579,204719,UNKNOWN,Unspecified,BROOKLYN,,,,,,,,40.72857300959282,-73.95190898743682,"(40.72857300959282, -73.95190898743682)"
56772909,02/10/2023 02:36:54 PM,02/11/2023 12:00:00 AM,DOB,Department of Buildings,General Construction/Plumbing,Building Permit - None,,11230,1114 EAST   17 STREET,EAST   17 STREET,,,,,ADDRESS,BROOKLYN,,,Closed,,The Department of Buildings investigated this complaint and determined that no further action was necessary.,02/11/2023 12:00:00 AM,14 BROOKLYN,3067180044,BROOKLYN,995590,166436,UNKNOWN,Unspecified,BROOKLYN,,,,,,,,40.62349760603067,-73.95914970892794,"(40.62349760603067, -73.95914970892794)"
56773417,02/10/2023 03:31:50 PM,02/11/2023 12:00:00 AM,DOB,Department of Buildings,General Construction/Plumbing,Debris - Falling Or In Danger Of Falling,,11434,171-12 119 ROAD,119 ROAD,,,,,ADDRESS,JAMAICA,,N/A,Closed,,The Department of Buildings investigated this complaint and determined that no further action was necessary.,02/11/2023 12:00:00 AM,12 QUEENS,4123750068,QUEENS,1046923,188534,UNKNOWN,Unspecified,QUEENS,,,,,,,,40.683937164303394,-73.77402702798005,"(40.683937164303394, -73.77402702798005)"
56773425,02/10/2023 06:58:25 PM,02/11/2023 12:00:00 AM,DOB,Department of Buildings,General Construction/Plumbing,Egress - Doors Locked/Blocked/Improper/No Secondary Means,,11238,497 PROSPECT PLACE,PROSPECT PLACE,,,,,ADDRESS,BROOKLYN,,N/A,Closed,,The Department of Buildings investigated this complaint and determined that no further action was necessary.,02/11/2023 12:00:00 AM,08 BROOKLYN,3011550057,BROOKLYN,995260,185520,UNKNOWN,Unspecified,BROOKLYN,,,,,,,,40.67587945367846,-73.96030732288263,"(40.67587945367846, -73.96030732288263)"
56773957,02/10/2023 06:24:36 AM,02/11/2023 12:00:00 AM,DOB,Department of Buildings,General Construction/Plumbing,Structural Stability Impacted - New Building Under Construction,,11212,589 CHRISTOPHER AVENUE,CHRISTOPHER AVENUE,,,,,ADDRESS,BROOKLYN,,,Closed,,The Department of Buildings investigated this complaint and determined that no further action was necessary.,02/11/2023 12:00:00 AM,16 BROOKLYN,3038610001,BROOKLYN,1011260,178729,UNKNOWN,Unspecified,BROOKLYN,,,,,,,,40.657205321192556,-73.9026521994864,"(40.657205321192556, -73.9026521994864)"
56774358,02/10/2023 09:57:39 AM,02/11/2023 12:00:00 AM,DOB,Department of Buildings,General Construction/Plumbing,Sidewalk Shed/Pipe Scafford - Inadequate Defective/None,,11101,41-45 24 STREET,24 STREET,,,,,ADDRESS,LONG ISLAND CITY,,,Closed,,The Department of Buildings investigated this complaint and issued an Office of Administrative Trials and Hearings (OATH) summons.,02/11/2023 12:00:00 AM,01 QUEENS,4004140005,QUEENS,1000755,213266,UNKNOWN,Unspecified,QUEENS,,,,,,,,40.752027038735925,-73.94042901600665,"(40.752027038735925, -73.94042901600665)"
56774394,02/10/2023 07:04:26 PM,02/11/2023 12:00:00 AM,DOB,Department of Buildings,BEST/Site Safety,Safety Netting/Guard Rails - Damaged/Inadequate/None (Over 6 Stories/75 Feet),,11213,1584 FULTON STREET,FULTON STREET,,,,,ADDRESS,BROOKLYN,,,Closed,,The Department of Buildings investigated this complaint and determined that no further action was necessary.,02/11/2023 12:00:00 AM,03 BROOKLYN,3016990019,BROOKLYN,1001571,186927,UNKNOWN,Unspecified,BROOKLYN,,,,,,,,40.67973125083856,-73.93755162535116,"(40.67973125083856, -73.93755162535116)"
56775314,02/10/2023 02:27:36 PM,02/11/2023 12:00:00 AM,DOB,Department of Buildings,General Construction/Plumbing,Sidewalk Shed/Pipe Scafford - Inadequate Defective/None,,10031,500 WEST  140 STREET,WEST  140 STREET,,,,,ADDRESS,NEW YORK,,,Closed,,The Department of Buildings investigated this complaint and issued a partial stop work order violation.,02/11/2023 12:00:00 AM,09 MANHATTAN,1020710036,MANHATTAN,998051,238813,UNKNOWN,Unspecified,MANHATTAN,,,,,,,,40.82215133794938,-73.95013598942462,"(40.82215133794938, -73.95013598942462)"
56775523,02/10/2023 04:32:40 PM,02/11/2023 12:00:00 AM,DOB,Department of Buildings,General Construction/Plumbing,Adjacent Buildings Not Protected,,10469,914 EAST  217 STREET,EAST  217 STREET,,,,,ADDRESS,BRONX,,N/A,Closed,,The Department of Buildings investigated this complaint and determined that no further action was necessary.,02/11/2023 12:00:00 AM,12 BRONX,2046870038,BRONX,1023735,259965,UNKNOWN,Unspecified,BRONX,,,,,,,,40.880129759674844,-73.85721337846633,"(40.880129759674844, -73.85721337846633)"
56776830,02/10/2023 07:10:45 PM,02/11/2023 12:00:00 AM,DOB,Department of Buildings,General Construction/Plumbing,Debris - Falling Or In Danger Of Falling,,11213,1584 FULTON STREET,FULTON STREET,,,,,ADDRESS,BROOKLYN,,N/A,Closed,,The Department of Buildings investigated this complaint and determined that no further action was necessary.,02/11/2023 12:00:00 AM,03 BROOKLYN,3016990019,BROOKLYN,1001571,186927,UNKNOWN,Unspecified,BROOKLYN,,,,,,,,40.67973125083856,-73.93755162535116,"(40.67973125083856, -73.93755162535116)"
56780144,02/10/2023 08:10:58 PM,02/11/2023 12:00:00 AM,DOB,Department of Buildings,Emergency Response Team (ERT),After Hours Work - Illegal,,10028,250 EAST   83 STREET,EAST   83 STREET,,,,,ADDRESS,NEW YORK,,,Closed,,The Department of Buildings investigated this complaint and issued an Office of Administrative Trials and Hearings (OATH) summons.,02/11/2023 12:00:00 AM,08 MANHATTAN,1015280028,MANHATTAN,996914,222137,UNKNOWN,Unspecified,MANHATTAN,,,,,,,,40.77638197681951,-73.95427550229464,"(40.77638197681951, -73.95427550229464)"
56756725,02/08/2023 10:29:28 AM,02/11/2023 12:00:00 AM,DOB,Department of Buildings,Electrical,Electrical Wiring Defective/Exposed,,11236,9602 GLENWOOD ROAD,GLENWOOD ROAD,,,,,ADDRESS,BROOKLYN,,,Assigned,,The Department of Buildings attempted to investigate this complaint but could not gain access to the location. Please schedule an appointment for a follow up inspection by contacting the appropriate unit at Department of Buildings. You can find contact information at https://www1.nyc.gov/site/buildings/about/contact-us.page.,02/11/2023 12:00:00 AM,18 BROOKLYN,3081840033,BROOKLYN,1011176,174173,UNKNOWN,Unspecified,BROOKLYN,,,,,,,,40.64470035520464,-73.90297313500778,"(40.64470035520464, -73.90297313500778)"
56004363,11/16/2022 07:59:54 AM,02/11/2023 12:00:00 AM,DOB,Department of Buildings,Building/Use,Illegal Conversion Of Residential Building/Space,,11226,115 EAST   29 STREET,EAST   29 STREET,,,,,ADDRESS,BROOKLYN,,,Closed,,The Department of Buildings has made a second attempt to conduct an inspection of this premises and was denied access. No further attempts will be made.,02/11/2023 12:00:00 AM,17 BROOKLYN,3051400066,BROOKLYN,998107,174783,UNKNOWN,Unspecified,BROOKLYN,,,,,,,,40.64640476384415,-73.95006553474708,"(40.64640476384415, -73.95006553474708)"
56010825,11/16/2022 07:59:19 AM,02/11/2023 12:00:00 AM,DOB,Department of Buildings,Building/Use,Illegal Conversion Of Residential Building/Space,,11226,336 EAST   25 STREET,EAST   25 STREET,,,,,ADDRESS,BROOKLYN,,,Closed,,"The Department of Buildings attempted to investigate this complaint twice but could not gain access to the location. If the problem still exists, please call 311 and file a new complaint with additional access information. If you are outside of New York City, please call (212) NEW-YORK (212-639-9675).",02/11/2023 12:00:00 AM,17 BROOKLYN,3051900021,BROOKLYN,997164,173182,UNKNOWN,Unspecified,BROOKLYN,,,,,,,,40.642011789460696,-73.9534667514486,"(40.642011789460696, -73.9534667514486)"
56391315,12/29/2022 10:13:30 AM,02/11/2023 12:00:00 AM,DOB,Department of Buildings,Plumbing,Failure To Retain Water/Improper Drainage- (LL103/89),,10026,81 WEST  119 STREET,WEST  119 STREET,,,,,ADDRESS,NEW YORK,,,Closed,,"The Department of Buildings attempted to investigate this complaint twice but could not gain access to the location. If the problem still exists, please call 311 and file a new complaint with additional access information. If you are outside of New York City, please call (212) NEW-YORK (212-639-9675).",02/11/2023 12:00:00 AM,10 MANHATTAN,1017180108,MANHATTAN,998850,232033,UNKNOWN,Unspecified,MANHATTAN,,,,,,,,40.80354084661012,-73.94726389303874,"(40.80354084661012, -73.94726389303874)"
56561636,01/18/2023 05:28:45 PM,02/11/2023 12:00:00 AM,DOB,Department of Buildings,Building/Use,SRO - Illegal Work/No Permit/Change In Occupancy/Use,,10030,254 WEST  136 STREET,WEST  136 STREET,,,,,ADDRESS,NEW YORK,,,Closed,,"The Department of Buildings attempted to investigate this complaint twice but could not gain access to the location. If the problem still exists, please call 311 and file a new complaint with additional access information. If you are outside of New York City, please call (212) NEW-YORK (212-639-9675).",02/11/2023 12:00:00 AM,10 MANHATTAN,1019410155,MANHATTAN,999536,236801,UNKNOWN,Unspecified,MANHATTAN,,,,,,,,40.81662652073723,-73.94477516142462,"(40.81662652073723, -73.94477516142462)"
56651862,01/28/2023 09:07:00 AM,02/11/2023 12:00:00 AM,DOB,Department of Buildings,Emergency Response Team (ERT),After Hours Work - Illegal,,10455,510 EAST  148 STREET,EAST  148 STREET,,,,,ADDRESS,BRONX,,N/A,Closed,,The Department of Buildings investigated this complaint and determined that no further action was necessary.,02/11/2023 12:00:00 AM,01 BRONX,2022740008,BRONX,1007707,235936,UNKNOWN,Unspecified,BRONX,,,,,,,,40.81423442105774,-73.91525823670953,"(40.81423442105774, -73.91525823670953)"
56714143,02/04/2023 12:21:21 PM,02/11/2023 12:00:00 AM,DOB,Department of Buildings,Emergency Response Team (ERT),After Hours Work - Illegal,,11379,60-02 79 STREET,79 STREET,,,,,ADDRESS,MIDDLE VILLAGE,,N/A,Closed,,The Department of Buildings investigated this complaint and determined that no further action was necessary.,02/11/2023 12:00:00 AM,05 QUEENS,4028490029,QUEENS,1017357,203532,UNKNOWN,Unspecified,QUEENS,,,,,,,,40.7252630723245,-73.88055589402046,"(40.7252630723245, -73.88055589402046)"
56711498,02/04/2023 09:46:05 AM,02/11/2023 12:00:00 AM,DOB,Department of Buildings,Emergency Response Team (ERT),After Hours Work - Illegal,,10024,415 COLUMBUS AVENUE,COLUMBUS AVENUE,,,,,ADDRESS,NEW YORK,,N/A,Closed,,The Department of Buildings investigated this complaint and determined that no further action was necessary.,02/11/2023 12:00:00 AM,07 MANHATTAN,1011300001,MANHATTAN,990972,224039,UNKNOWN,Unspecified,MANHATTAN,,,,,,,,40.781608980288546,-73.97572771702818,"(40.781608980288546, -73.97572771702818)"
56643348,01/28/2023 10:05:02 AM,02/11/2023 12:00:00 AM,DOB,Department of Buildings,General Construction/Plumbing,Cons - Contrary/Beyond Approved Plans/Permits,,10023,32 WEST   75 STREET,WEST   75 STREET,,,,,ADDRESS,NEW YORK,,,Assigned,,The Department of Buildings attempted to investigate this complaint but could not gain access to the location. Please schedule an appointment for a follow up inspection by contacting the appropriate unit at Department of Buildings. You can find contact information at https://www1.nyc.gov/site/buildings/about/contact-us.page.,02/11/2023 12:00:00 AM,07 MANHATTAN,1011270050,MANHATTAN,991012,222943,UNKNOWN,Unspecified,MANHATTAN,,,,,,,,40.778600719845095,-73.97558438520946,"(40.778600719845095, -73.97558438520946)"
56651183,01/28/2023 09:10:30 AM,02/11/2023 12:00:00 AM,DOB,Department of Buildings,Emergency Response Team (ERT),After Hours Work - Illegal,,10128,150 EAST   91 STREET,EAST   91 STREET,,,,,ADDRESS,NEW YORK,,N/A,Closed,,The Department of Buildings investigated this complaint and determined that no further action was necessary.,02/11/2023 12:00:00 AM,08 MANHATTAN,1015190050,MANHATTAN,997287,224378,UNKNOWN,Unspecified,MANHATTAN,,,,,,,,40.782532386398394,-73.95292440453603,"(40.782532386398394, -73.95292440453603)"
56637311,01/27/2023 08:32:29 AM,02/11/2023 12:00:00 AM,DOB,Department of Buildings,General Construction/Plumbing,Vent/Exhaust - Illegal/Improper,,10025,415 CENTRAL PARK WEST,CENTRAL PARK WEST,,,,,ADDRESS,NEW YORK,,,Closed,,The Department of Buildings investigated this complaint and determined that no further action was necessary.,02/11/2023 12:00:00 AM,07 MANHATTAN,1018370029,MANHATTAN,994710,228939,UNKNOWN,Unspecified,MANHATTAN,,,,,,,,40.795054532336785,-73.96222264765939,"(40.795054532336785, -73.96222264765939)"
54723737,07/06/2022 09:43:39 PM,02/11/2023 12:00:00 AM,DOB,Department of Buildings,Building/Use,Illegal Conversion Of Residential Building/Space,,11355,138-70 ELDER AVENUE,ELDER AVENUE,,,,,ADDRESS,FLUSHING,,,Closed,,The Department of Buildings has made a second attempt to conduct an inspection of this premises and was denied access. No further attempts will be made.,02/11/2023 12:00:00 AM,07 QUEENS,4051450055,QUEENS,1033451,213620,UNKNOWN,Unspecified,QUEENS,,,,,,,,40.752877198308724,-73.82241798417735,"(40.752877198308724, -73.82241798417735)"
55341004,09/08/2022 05:29:54 PM,02/11/2023 12:00:00 AM,DOB,Department of Buildings,Building/Use,Zoning - Non-Conforming/Illegal Vehicle Storage,,11354,31-65 138 STREET,138 STREET,,,,,ADDRESS,FLUSHING,,,Closed,,The Department of Buildings investigated this complaint and determined that no further action was necessary.,02/11/2023 12:00:00 AM,07 QUEENS,4044110001,QUEENS,1031348,219424,UNKNOWN,Unspecified,QUEENS,,,,,,,,40.768819110333766,-73.82996769637663,"(40.768819110333766, -73.82996769637663)"
55419496,09/14/2022 11:35:07 PM,02/11/2023 12:00:00 AM,DOB,Department of Buildings,General Construction/Plumbing,Curb Cut/Driveway/Carport - Illegal,,11355,134-20 60 AVENUE,60 AVENUE,,,,,ADDRESS,FLUSHING,,,Closed,,The Department of Buildings investigated this complaint and determined that no further action was necessary.,02/11/2023 12:00:00 AM,07 QUEENS,4063700104,QUEENS,1031016,210276,UNKNOWN,Unspecified,QUEENS,,,,,,,,40.74371199067651,-73.83122990315981,"(40.74371199067651, -73.83122990315981)"
56437118,01/04/2023 07:14:01 PM,02/11/2023 12:00:00 AM,DOB,Department of Buildings,Building/Use,Illegal Conversion Of Residential Building/Space,,11229,2332 EAST   23 STREET,EAST   23 STREET,,,,,ADDRESS,BROOKLYN,,,Assigned,,The Department of Buildings attempted to investigate this complaint but could not gain access to the location. Please schedule an appointment for a follow up inspection by contacting the appropriate unit at Department of Buildings. You can find contact information at https://www1.nyc.gov/site/buildings/about/contact-us.page.,02/11/2023 12:00:00 AM,15 BROOKLYN,3074050214,BROOKLYN,998824,155832,UNKNOWN,Unspecified,BROOKLYN,,,,,,,,40.59438707620253,-73.94752269763325,"(40.59438707620253, -73.94752269763325)"
56380961,12/28/2022 07:02:04 PM,02/11/2023 12:00:00 AM,DOB,Department of Buildings,Building/Use,No Certificate Of Occupancy/Illegal/Contrary To CO,,10031,401 WEST  149 STREET,WEST  149 STREET,,,,,ADDRESS,NEW YORK,,,Closed,,"The Department of Buildings attempted to investigate this complaint twice but could not gain access to the location. If the problem still exists, please call 311 and file a new complaint with additional access information. If you are outside of New York City, please call (212) NEW-YORK (212-639-9675).",02/11/2023 12:00:00 AM,09 MANHATTAN,1020640027,MANHATTAN,999956,240484,UNKNOWN,Unspecified,MANHATTAN,,,,,,,,40.826734575700144,-73.94324917711147,"(40.826734575700144, -73.94324917711147)"
